brand_name,product_category,total_ads_visible,dominant_hook_type,dominant_ad_format,best_hook_verbatim,body_copy_formula,headline_variants,dominant_cta,unique_creative_angle,top_swipe_element,creative_quality_score,key_framework_insight,video_image_ratio,page_accessible
Monica Reed (FuelSave),Tech/Gadget - Fuel Saving Device,190,Conspiracy/Suppression + Personal Testimony,UGC Talking Head,"Guys, I can't believe this...this weird little device saved me $863 on fuel this year alone.",Personal testimony + specific dollar savings + works on ANY car + urgency (link being taken down),1. Save 55% On Fuel Costs In SECONDS | 2. Wow...this saved me 35% on fuel costs | 3. They want this taken down.,Learn More,"Conspiracy angle (""they want this taken down"") combined with hyper-specific savings claims creates massive urgency and FOMO.","The ""they want this taken down"" CTA line — creates urgency without a traditional discount.",8.5,"Conspiracy suppression framing (""they want this removed"") is one of the most powerful urgency mechanisms in direct response — it implies scarcity without a price discount.","95% video, 5% image",True
Steven Harris,Eyewear/Vision Correction,150,Personal Testimony,VSL,I Never Thought I'd See Clearly Again At Every Distance. I Was Wrong.,The body copy follows a storytelling pattern: Problem Introduction -> Discovery/Intervention -> Personal Experience/Proof -> Explanation/Mechanism (often revealing industry secrets) -> Benefits/Transformation -> Call to Action/Urgency.,1. I Never Thought I'd See Clearly Again At Every Distance. I Was Wrong. | 2. Why you should never pay for progressive lenses before knowing what LensCrafters employees actually wear. | 3. Why you should never replace your glasses before knowing what the optical industry has been hiding about your prescripti...,Learn more,"The unique angle is the 'insider secret' or 'conspiracy' narrative, where the optical industry is portrayed as actively suppressing a superior product that would disrupt their business model. This is combined with a strong personal testimony from a relatable figure (a doctor, a regular person).",The 'personal story of discovery and betrayal by the industry' where a trusted friend/expert reveals a hidden truth about a common problem.,8.5,"Leveraging a personal narrative combined with a 'conspiracy' or 'hidden truth' angle can create highly engaging and persuasive ad copy, especially when targeting common frustrations with existing solutions.","90% video, 10% image",True
HeartCalm,Heart Health Wearable,19,Problem Agitation,Static Image,"""15 minutes out of 525,585. That's the math on your annual checkup. HeartCalm fills the gap with continuous heart rate, BP trends, and blood oxygen — right on your wrist.""","Problem-solution narrative focusing on continuous heart monitoring vs. annual checkups, emphasizing ease of use and lack of subscriptions/apps.","1. Is 0.003% of Your Year Enough to Monitor Your Heart? | 2. What Happens to Your Heart the Other 525,585 Minutes? | 3. Tired of BP Cuffs You Forget to Use?",Shop now,"Focus on the inadequacy of annual doctor visits for heart health monitoring, positioning the product as a continuous, simple solution without smartphone dependency.","The use of specific timeframes (e.g., '15 minutes out of 525,585') to highlight the limited scope of traditional checkups.",8.5,"Leveraging a strong problem-agitation-solution framework by highlighting a common health concern (infrequent heart monitoring) and offering a simple, direct solution.","100% image, 0% video",True
Scandinavian Biolabs,Hair Growth Supplements,22,Social Proof,Mixed,"Join over 100,000 satisfied customers who have already seen real results with our clinically-tested and trusted Bio-Pilixin® Serum.","Focus on social proof (100,000+ satisfied customers, real results), clinical testing, and problem/solution (hair loss reduction).",1. Real Results with Our Clinically-Tested Serum | 2. Real Results with Our Clinically-Tested Routine | 3. Hair Growth & Nutrient Bundle | For Men,Learn More,"The brand heavily leverages social proof, clinical study results (e.g., 93.3% success rate), and a money-back guarantee to build trust and urgency. They also use a direct problem/solution approach for hair loss.","Emphasis on specific clinical trial results (e.g., '93.3% success rate in 150 days') combined with a strong money-back guarantee.",8.5,"Leveraging specific, quantifiable clinical results and strong guarantees (money-back) in both body copy and potentially headlines significantly boosts credibility and conversion for health-related products.","100% video, 0% image",True
Create Wellness,Health Supplements (Creatine Gummies & Electrolytes),190,Mixed,Mixed,"What if one small habit could power your strength, recovery, energy, and focus? 💪⚡","Problem/Benefit/Solution: Start with a problem or a question that agitates a common pain point (e.g., measuring creatine, lack of energy), introduce the product as the easy solution (gummies, single-serve sachets), and highlight the benefits (strength, recovery, focus, convenience). This is often followed by social proof (50k+ customers, NSF Certified) and a call to action.",1. [Benefit-driven statement] | 2. [Urgency/Offer] | 3. [Problem/Solution],Shop Now,"The unique creative angle is the emphasis on creatine in a gummy format, positioning it as a fun, delicious, and convenient way to consume a supplement often associated with powders and measuring. They also leverage influencer endorsements and strong social proof.","The consistent use of 'gummies' as a convenient and tasty alternative to traditional creatine powders, addressing a common pain point for users.",8.5,"The brand effectively uses a combination of problem-agitation and curiosity-gap hooks, often integrating social proof and convenience as key selling points, which is highly effective for health supplements.","80% video, 20% image",True
Mars For Men,"Men's health supplements (energy, stamina, vitality, nitric oxide, testosterone, blood flow)",15,Problem Agitation,Mixed (Video and Static Image),💪 Energy. Stamina. Vitality. 🔥 Mars Growth Max Combo keeps you performing at your best every day.,"Starts with a strong, benefit-driven statement or problem agitation, followed by product introduction, explanation of benefits/mechanism, and a call to action. Often includes emojis for emphasis.",1. [Benefit-driven statement] | 2. [Product name] + [Key benefit] | 3. [Urgency/Offer],Learn More,"The brand uses a direct, masculine, and benefit-oriented approach, often employing emojis and strong language to convey vitality and performance. They focus on natural ingredients and scientific backing for their supplements.",The use of emojis in both body copy and headlines to quickly convey benefits and emotions.,8.5,"Leveraging strong, benefit-driven hooks that address common male health concerns (energy, stamina, testosterone) combined with clear product mechanisms and urgency creates high-converting ads.",,True
MindBodyGreen,N/A,,Mixed,Mixed,N/A,N/A,N/A,N/A,N/A,N/A,7.0,"No ads were found for this brand at this time, so no insights can be extracted.","0% video, 0% image",True
Rheal_Superfoods,Superfood Blends / Health Supplements,24,Social Proof,Static Image,"""Forget quick fixes, your health deserves better.""",Problem Agitation / Bold Claim -> Solution Introduction -> Bulleted Benefits (with emojis) -> Social Proof / Offer -> CTA,1. As Seen on Dragons' Den | 2. Hormone-balancing superfoods | 3. Clinically-proven to increase collagen production,Shop Now,"The brand distinguishes itself by combining strong social proof (Dragons' Den endorsement, large customer base) with a focus on natural, clinically-studied ingredients for targeted health concerns like hormone balance and gut health.",Leveraging 'As Seen on Dragons' Den' and 'Loved by +1M people' for social proof.,8.5,"Leveraging strong social proof (TV appearances, customer numbers) and directly addressing specific health problems with natural, science-backed solutions drives engagement.","45% video, 54% image",True
Beam Organics,Health/Wellness Supplements,65,Problem Agitation,Mixed,"When stress stays high, your body feels it everywhere - low energy, bloating, and feeling off.","Problem identification and agitation, followed by product introduction as solution, then benefits and a call to action with a discount code.",1. [Benefit-driven statement] | 2. [Product name] + [Offer] | 3. [Problem/Solution],Shop Now,"Beam Organics effectively combines problem-agitation with social proof and direct discount offers, often featuring specific influencer codes, to create a sense of urgency and relatability.","The use of specific discount codes (e.g., WELLNESS, JENN40, NEWYEARS, LAURA42, KIDS) directly in the ad copy and headlines to drive immediate purchases.",8.0,Leveraging problem-agitation hooks combined with clear product benefits and strong discount-driven CTAs is highly effective for health supplements.,"50% video, 50% image",True
Grüns,Superfood Gummies / Health Supplements,1100,Problem Agitation,UGC Talking Head,"""Daily nutrition, but make it taste like summer break. 💥🍒🍋🫐""","Problem/Hook (e.g., Feeling off?) + Mechanism/Features (60 ingredients, 21 vitamins, prebiotics) + Benefit (energy, gut health) + Offer (Up to 61% OFF + Free Gifts)",1. Your Favorite Daily Habit | 2. Your Favorite Popsicle® × Your Favorite Greens | 3. Get up to 61% OFF + 4 FREE gifts – online exclusive,Shop Now,"Positioning a comprehensive greens/superfood supplement as a delicious, nostalgic gummy (like a Popsicle) rather than a gritty powder, making daily nutrition feel like a treat.",The 'Popsicle Firecracker' collaboration angle - partnering with a nostalgic flavor brand to overcome the common objection that greens/superfoods taste bad.,8.5,"Overcome taste objections in health supplements by heavily leaning into nostalgic, universally loved flavor profiles (like Popsicles) and leading with the 'tastes like a treat' angle.","66% video, 33% image",True
Gutsi,Gut wellness monitor,3,Mixed,Video,You heard it here first. Gutsi is a gut wellness monitor that sits on your toilet rim and tracks your gut patterns after every flush. Passively. Automatically. No effort required.,"The ads generally follow a pattern of: 1. Introduce the problem/curiosity. 2. Introduce Gutsi as the solution/answer. 3. Explain how it works (passively, automatically, no effort). 4. Call to action (""Curious? Find out more 👇"").",1. Whoop For Your Poop | 2. Gutsi Street Reaction | 3. Why Gutsi,Learn more,"The brand's ads are distinctive due to the unique nature of the product (a toilet rim gut wellness monitor) and their approach to introducing it through a mix of direct explanation, curiosity-driven narratives, and social proof via street interviews.","The use of street interviews to introduce a novel product and gauge public reaction, creating curiosity and social proof.",8.0,Leveraging the novelty of a product through direct explanation and curiosity-driven social proof can be highly effective in initial ad campaigns.,,True
IM8 Health,Health Supplements,15,Mixed,Mixed,"Most people won't feel this good in their 30s, 40s, or 50s. You can.","Problem/Solution -> Product Features/Benefits (clinically dosed, NSF certified, replaces multiple supplements) -> Offer/Guarantee (free welcome kit, money-back guarantee, discount)",1. [Problem/Benefit-Oriented] | 2. [Social Proof/Authority] | 3. [Direct Offer/Call to Action],Learn More,"IM8 Health's unique creative angle lies in its heavy reliance on high-profile celebrity and expert endorsements, combined with a strong emphasis on scientific validation (clinically dosed, NSF certified) and the convenience of an 'all-in-one' supplement. They also frequently use a 'problem-solution' approach, addressing common health concerns and positioning their product as the comprehensive answer.","The use of celebrity and expert testimonials (Giannis Antetokounmpo, David Beckham, Aryna Sabalenka, Dr. Dawn Mussallem) to build trust and authority.",8.5,"Leveraging celebrity and expert endorsements, combined with strong scientific backing and clear benefit-driven copy, significantly enhances ad credibility and appeal.",,True
Liquid I.V.,Hydration Supplements,39,Problem Agitation / Demo/How-It-Works,Video (UGC Talking Head / Product Demo),"New Liquid I.V. Sugar Free supports your daily hydration. All the flavour, none of the sugar.","Problem/Solution (hydration, sugar-free) followed by product benefits and call to action. Many ads feature influencers in 'The Hot Seat' series.","1. New Liquid I.V. Sugar Free | 2. Daily hydration, with zero sugar | 3. Hydrate better than water alone",Shop Now / Learn More,"Extensive use of influencer-led video series ('The Hot Seat') to showcase product benefits and engage audiences in an entertaining, authentic way.","The 'The Hot Seat' influencer interview series, which combines entertainment with product integration.",8.5,"Leveraging influencer content in a series format ('The Hot Seat') creates engaging, long-form video ads that build brand personality and demonstrate product use in relatable scenarios.","90% video, 10% image",True
Obvi,Collagen-infused weight management supplements,210,Problem Agitation,Mixed,"""With over 1,000,000+ units sold, the world's FIRST collagen-infused weight management product is finally back in stock! 🙌""","Problem/Solution (Weight management, hair/skin/nails issues) -> Product Introduction (Collagen-infused) -> Benefit List (Healthy Weight Management, Curbs Appetite, Boosts Metabolism) -> Ingredient List (Patented, Natural, Collagen Types) -> Social Proof/Testimonial -> Risk Reversal (90-Day Money Back Guarantee) -> Call to Action.",1. The World's First Collagen Infused Fat Burner | 2. Special Offer Available Today! 🎁 | 3. Tired of feeling sluggish and watching your metabolism slow down?,Shop now,,"The structured problem-solution-benefit-proof-risk reversal copy formula, consistently used across multiple ads.",8.5,"Leveraging strong social proof (units sold, number of women helped) combined with clear benefit-driven copy and risk reversal (money-back guarantee) is highly effective for health supplements. The use of emojis and bullet points also enhances readability and highlights key features.","60% video, 40% image",True
Olipop,Healthy Prebiotic Soda,30,Curiosity Gap,Static Image,💜 Blackberry Vanilla Lavender Cream Soda 💜 6 blackberries .,"Focus on benefits like ‘refreshing soda that’s actually good for you’ and product features, often including recipe ideas or lifestyle integration. They also highlight new packaging and nostalgic flavors, and sometimes target B2B with sales pitches.",1. Flavor in full bloom | 2. The drop of the summer | 3. A New Kind of Soda,Shop Now,"Olipop leverages a vibrant, aesthetic brand image combined with a strong emphasis on digestive health benefits and natural ingredients, positioning itself as a healthier alternative to traditional soda. They frequently use recipe-style content, highlight product availability in major retailers, and emphasize nostalgic flavors with modern twists.","The use of bright, appealing visuals featuring the product in lifestyle settings (e.g., picnic, recipe preparation) or highlighting new packaging and nostalgic flavors, effectively communicates both taste and health benefits and creates a strong brand identity.",8.8,"High-converting ads for health-conscious beverages effectively combine appealing visual aesthetics with clear communication of functional benefits (e.g., digestive health, low sugar), strategic partnerships (e.g., Costco), and emotional appeals through nostalgia and lifestyle integration to differentiate from competitors and drive purchase intent.","43% video, 57% image",True
Absolute Collagen,Collagen Supplement,7,Mixed,Mixed,Ageing isn’t the problem – losing collagen is.,"Problem-solution framework, often starting with a personal testimony or social proof, followed by product benefits and features, and ending with a clear call to action.",1. Age Powerfully | 2. Results in 6 weeks | 3. Free gift worth £134,Learn More,"Focus on the 'Absoluter community' and framing collagen loss as the core problem, rather than just aging, with a strong emphasis on clinical proof and tangible results.","Personal testimonials with quantifiable results and strong social proof (e.g., 'Over 3500 Reviews!').",8.5,"Leveraging a combination of problem-agitation, personal testimony, and social proof in ad hooks is highly effective for collagen supplements. Highlighting specific, measurable benefits (e.g., 'in 6 weeks') and offering incentives (e.g., 'free gift') drives engagement.",,True
Seed,Probiotics,5,Mixed,Mixed,"The number one cause of bad breath in dogs is not what they ate, it's not lack of brushing, and it's definitely not because they need another breath treat.","Narrative-driven copy, often starting with a personal story or problem, followed by a detailed explanation of the product's scientific benefits and a call to action.",1. Seed | 2. BobbyParrish with Seed | 3. Dr. Simon Ashford-Functional Medicine,Shop now,Combining scientific rigor with relatable personal health journeys to educate and persuade.,"The use of detailed, long-form narrative copy that educates the reader about the problem and solution before presenting the product.",8.5,Leveraging scientific authority and personal testimonials to build trust and explain complex product benefits is highly effective.,"0% video, 0% image",True
Moon Juice,Health/Supplements,10,Problem Agitation,UGC Talking Head,"""Summer pregnancy? Mini Dew provides essential minerals and electrolytes that hydrate deeper than water alone.""",Problem/Question or Direct Benefit -> Product Introduction -> Key Ingredients/Mechanism -> Desired Outcome,1. Sleepy Magnesi-Om 🍒 | 2. Mini Dew™ is 2 in 1: electrolytes + minerals for hydration and brain function. | 3. Mini Dew,Shop Now,"Focusing on specific life stages or conditions (e.g., 'Summer pregnancy', 'Drinking for two') to position a general hydration product as a targeted solution.","Using specific, relatable questions as hooks ('Summer pregnancy?') to immediately qualify the audience and introduce the product as the answer.",8.0,Niche down your broad appeal products by calling out specific audience segments or situations in the hook to increase relevance and conversion.,"62% video, 37% image",True
Jones Road Beauty,Clean Beauty Makeup,4800,Problem Agitation,UGC Talking Head,"Tired of sunscreen that pills, slides, or leaves your skin looking chalky?","Problem-solution followed by product benefits and features, often incorporating personal testimonials or celebrity endorsements.",1. Dewy Skin Made Easy | 2. My 2-Step Glow Routine | 3. Miracle Balm: Available Everywhere in the EU,Shop Now,"Authentic, minimalist 'no-makeup makeup' aesthetic championed by founder Bobbi Brown, focusing on natural enhancement and ease of use, often featuring real people and clear product demonstrations.",Short-form video testimonials from influencers and the founder demonstrating product application and immediate results.,8.5,"Leveraging authentic testimonials from influencers and the brand founder, combined with clear problem-solution framing, drives strong engagement and communicates product efficacy effectively.","80% video, 20% image",True
Glossier,Beauty/Skincare,11,Mixed,Mixed,Smells different on everyone and that's totally the point! Spritz on the iconic scent in full + travel size.,"Focus on product features, benefits, and promotional offers, often emphasizing individuality and customization.","1. One iconic scent, doubled | 2. Build your own set with the pieces you love most. | 3. Save 20% on all fragrances! Shop your signature scent on sale.",Shop Now,"Focus on natural beauty, personalization, and a minimalist aesthetic, often highlighting product benefits through subtle, aspirational language.",The emphasis on individuality and personal experience with products.,7.5,"Leverage product uniqueness and personalization to create desire, combined with clear promotional offers.",,True
Hismile,Teeth Whitening/Oral Care,265,Mixed,Mixed,Did you see that?! 😱 Standard Mouthwash? A lot take one approach. 🙃 iD Stain Whitening Mouthwash takes THREE 😳,Problem/Question -> Product Introduction + Multi-Benefit/Feature List (with emojis) -> Quick Result/Urgency -> Call to Action.,1. [Product Name] 😱 | 2. [Benefit/Question] 🤯 | 3. [Urgency/Exclusivity] 🔥,Shop Now,"Hismile's ads are distinctive due to their consistent use of emojis to convey emotion and highlight benefits, a strong emphasis on 'gunk removing' and 'color correcting' as unique selling propositions, and a blend of user-generated content (UGC) style videos with clear product demonstrations.",The use of emojis in both headlines and body copy to highlight benefits and create emotional resonance.,8.5,"Hismile effectively uses a combination of problem agitation, curiosity, and social proof in their hooks, followed by clear multi-benefit lists and strong calls to action, often leveraging emojis and visual demonstrations to enhance engagement and perceived product efficacy.",,True
Bambu Earth,Skincare,100,Mixed,Video,What’s in your skincare matters. What’s NOT in your skincare matters more.,"Problem-solution framework: Start with a problem (what's NOT in your skincare), introduce the brand as the solution, list benefits, and include social proof/testimonials.","1. Experience glowing skin | 2. Experience your healthiest skin | 3. Try it for just $29
All-Natural Skincare — Gentle, effective, and ethically sourced. Powered by plants, not synthetics. Nourishes without irritation for healthy, balanced skin.",Shop now,"Focus on 'clean' ingredients and what's *not* in the product, emphasizing natural and effective skincare with a barrier-first approach.",The 'What's in your skincare matters. What's NOT in your skincare matters more.' opening line and the use of checkmarks for benefits.,8.5,"Leveraging a 'problem-agitation-solution' framework with a strong emphasis on 'clean' ingredients and what's excluded from products, combined with social proof, drives engagement.","55% video, 45% image",True
Laundry Sauce,Premium Laundry Detergents/Pods,390,Mixed,Mixed,"It sold out for a reason. Himalayan Cashmere is back — and this time, stock up.","The ads typically start with a strong hook (social proof, scarcity, or curiosity), introduce a specific product/scent, highlight its luxurious benefits, and often create urgency around limited availability or restocks.",1. Himalayan Cashmere: BACK IN STOCK 😍 | 2. Australian Sandalwood Is BACK 🚨 | 3. Elevate Your Laundry Day,Shop Now,"Laundry Sauce distinguishes itself by focusing on luxury scents and an elevated laundry experience, moving beyond basic cleaning. They effectively use scarcity and 'back in stock' announcements to create demand.","The 'BACK IN STOCK' messaging combined with scarcity and urgency (e.g., 'sold out for a reason', 'internet couldn't get enough').",8.5,"Leveraging scarcity and social proof for product restocks, combined with luxury positioning, drives high conversion rates.",,True
HexClad,Cookware,60,Mixed,Video,"""Ready for cookware that brings unmatched performance in the kitchen?""","Problem/Question hook -> Feature list (hybrid tech, non-stick, lifetime warranty) -> Social proof (Gordon Ramsay, 900k+ cooks) -> CTA","1. The Essentials Bundle | 2. HexClad Hybrid Pot Set 6 PC | 3. Hybrid Wok, 12\""",Shop Now,"Hybrid cookware combining stainless steel, cast iron, and non-stick properties.",The 'hybrid' mechanism explanation: combining stainless steel searing with non-stick convenience.,8.5,Leverage a unique mechanism ('hybrid technology') to solve a common compromise (searing vs. easy cleanup) and back it with strong authority proof (Gordon Ramsay).,"70% video, 30% image",True
Brooklinen,"Home Goods (Bedding, Bath)",30,Social Proof,Static Image,"What can we say? With over 12 years of award-winning, fan-favorite bedding (and bath), it’s time to get in bed with the experts.","Ads often start with a relatable statement about comfort and quality, introduce the product as a solution, highlight benefits like softness or reviews, and end with a direct call to action.","The Best in Bed for 12 Years and Counting | Meet Soft, Smooth, Irresistible New Luxier Luxe Sheets | Not Just for Breakfast",Shop Now,"Focus on comfort, quality, and a luxurious lifestyle through aspirational imagery and direct benefit-driven copy.","The use of social proof (e.g., '150k 5-star reviews') combined with direct, benefit-oriented headlines.",8.5,"Leverage strong social proof and direct, sensory language to convey product benefits, especially for comfort-focused products. Utilize a mix of static images and short videos to showcase product aesthetics and features.","20% video, 80% image",True
Omni Creatine,Creatine Gummies,640,Problem Agitation,Mixed,"OMNI Creatine Gummies are third-party tested and proven to pack pure creatine monohydrate to boost energy, mental clarity and lean muscle — without any bloating or puffiness","Product introduction/benefit statement, followed by a strong offer, website link, product feature reinforcement, risk reversal, and a final call to action.",1. Creatine Made Delicious 🍉 🍑 | 2. Try 30 Days Risk-Free | 3. Get 47% OFF + FREE Shipping Today!,Shop Now,"The unique creative angle is making creatine consumption palatable and convenient through gummies, combined with strong scientific backing ('third-party tested and proven') and a focus on avoiding common side effects like bloating.",The 'Get 47% OFF + FREE Shipping Today! 👇' offer with the down arrow emoji.,8.0,"Combining clear product benefits with strong, time-sensitive offers and risk reversal (e.g., '30 Days Risk-Free') is highly effective. Highlighting convenience and palatability for supplements can differentiate a product in a competitive market.",,True
PetLab Co.,"Pet Health Supplements (Dental, Gut, Allergy, Joint)",15,Problem Agitation,Product Demo,Bad breath. Yellow buildup. Hating the toothbrush. These aren’t quirks- they’re warning signs 👀,"Problem identification and agitation, followed by introduction of a simple, science-backed solution (chew/powder) to address the problem.","1. [Problem] - These aren't quirks, they're warning signs. | 2. The unexpected consequences of NOT cleaning your dog's teeth daily | 3. Your dog's weird need to eat grass could be a red flag...",Learn more,,"The use of a 'dog mom' or 'veterinarian' avatar to deliver problem-solution narratives, enhancing relatability and authority.",8.5,"PetLab Co. effectively uses problem-agitation hooks combined with educational content (often in video format) to highlight common pet health issues and position their products as easy, science-backed solutions.","90% video, 10% image",True
True Classic,Men's Apparel (T-shirts),8,Problem Agitation,Mixed (Video and Static Image),"""Baggy, scratchy, overpriced? Skip it. True Classic tees are tailored to flatter, soft from day one!""","Problem-solution framework, addressing common pain points with t-shirts (baggy, scratchy, overpriced) and positioning True Classic as the superior solution (tailored, soft, flattering).","1. Look Good. Feel Good | 2. Best fitting tee of all time. | 3. Baggy, scratchy, overpriced? Skip it.",Shop Now,"Focus on flattering fit and comfort for men's t-shirts, directly contrasting with common issues like 'baggy' or 'scratchy' that other brands might overlook. The emphasis on 'tailored to flatter' is a strong differentiator.","The direct address of common pain points ('Baggy, scratchy, overpriced?') as a hook.",8.5,Highlighting common frustrations with competitor products and directly addressing them with product benefits is highly effective. Visuals demonstrating fit and quality reinforce the message.,"75% video, 25% image",True
The Ridge,Minimalist Wallets & Everyday Carry,10,Problem Agitation,Mixed,"Inspired by the Japanese art of Kintsugi, our latest drop brings cracked-beautiful patterns to your everyday essentials.","The body copy often starts with a product feature or a problem statement related to traditional wallets, followed by how Ridge Wallet solves it, and then lists benefits like durability, slimness, and RFID blocking. Some ads also highlight limited editions or savings.",1. Upgrade Your Wallet | 2. Streamline Your Everyday Carry | 3. Slim. Secure. Built to last.,Shop Now,"The brand consistently focuses on the 'minimalist' and 'secure' aspects of their wallets, often contrasting them with traditional bulky wallets. They also leverage limited edition drops and design aesthetics (like Kintsugi) to create desire beyond pure utility.","The consistent use of 'Shop Now' CTA across various product offerings, combined with clear benefit-driven headlines.",8.0,"High-converting ads for Ridge Wallet consistently agitate the problem of bulky, insecure traditional wallets and position Ridge as the modern, minimalist solution, emphasizing durability and RFID protection.","60% video, 40% image",True
Hears_Earplugs,Earplugs,8800,Curiosity Gap,Product Demo,"Stylish Earplugs with Patented & Innovative Filters for Parties, Festivals, and Other Loud Events","Problem-solution-benefit structure, often starting with a relatable problem, introducing Hears as the solution, and detailing benefits with social proof elements. Emphasizes product features, design, and awards.","1. Stylish Earplugs with Patented & Innovative Filters for Parties, Festivals, and Other Loud Events | 2. 🔊 Going to a loud event? Hears eliminates the damaging noise. While preserving the clarity of music. | 3. It started with a beep that never stopped.",Shop Now,"Focus on preserving music quality and social experience while protecting hearing, emphasizing discreet design and award-winning technology, differentiating from generic foam earplugs. Often uses a founder story or problem-solution narrative.","The use of relatable problem agitation hooks (e.g., 'Love the party vibes, hate the ear pain?') followed by a clear, elegant solution, and reinforced by social proof (awards, ratings).",8.5,"Hears effectively leverages problem-solution narratives, highlighting the pain points of loud environments and offering a sophisticated, effective solution. Strong emphasis on quality, design, and social proof (awards, ratings) builds trust and desirability. The founder's story adds a personal touch.","80% video, 20% image",True
Wuffes,"Dog Supplements (Hip & Joint, Calming, Gut Health)",2400,Problem Agitation,UGC Talking Head,"It starts small. Shorter walks, less excited for playtime, awkward when standing up 💔🐕",Problem Agitation (It starts small... joint discomfort creeping in) + Solution (Wuffes Vet-Backed Hip & Joint chew) + Offer/Urgency (FREE Labor Day Gift! Stock is going fast) + Call to Action (Don't let joint issues steal your dog's joy),1. Help your dog feel themselves again 🐶 | 2. Better Joints in 90 Days Guaranteed | 3. Shop Wuffes at Petco,Shop now,"Focusing on the subtle, emotional signs of joint discomfort (shorter walks, less excitement) rather than just clinical facts, making the problem highly relatable to pet owners.","The emotional hook 'It starts small. Shorter walks, less excited for playtime, awkward when standing up 💔🐕' that perfectly captures the subtle signs of aging/joint issues pet owners worry about.",8.0,"Using emotional problem agitation (""It starts small. Shorter walks..."") combined with a strong guarantee (""Better Joints in 90 Days Guaranteed"") and clear discount/offer URLs (WUFFES.COM/SAVE50%) drives high engagement for pet health products.","90% video, 10% image",True
Tractive,Pet GPS Tracker,23,Problem Agitation,Video,"Mis perros están entrenados, son obedientes y aun así llevan su GPS porque siguen siendo perros Porque un localizador no es solo para si se escapan también es para disfrutar con tranquilidad de nue...","Focuses on problem agitation (pet safety, losing pets) and solution (Tractive GPS) with social proof/influencer endorsements and discount offers.","1. 40% de descuento en el localizador que elijas haciendo click en el enlace de mi perfil con el cd... | 2. Auch der gehorsamste Hund kann pltzlich weg sein. | 3. (Link en bio) NOVEDAD Versin 2.0 del @tractive para mascotas  Ya era genial, pero ahora es mejor!",Shop Now,"Leverages influencer endorsements (e.g., dog trainers, vets) to build trust and demonstrate product utility in real-life scenarios, often highlighting the emotional aspect of pet safety.",Influencer testimonials and discount codes embedded directly in the ad copy.,7.5,"Utilizing credible third-party endorsements (influencers) significantly enhances trust and conversion, especially when combined with direct offers.","61% video, 39% image",True
Eight Sleep,Smart Sleep System / Mattress Cooling System,1600,Problem Agitation,Static Image,"The Pod is clinically proven to deliver real results for your sleep, every night: Up to 44% less time to fall asleep, Up to 34% more deep sleep, Up to 45% reduction in snoring, Up to 23% fewer night wake ups","Focus on clinical results (quantifiable improvements in sleep metrics), risk-free trial (30 nights), and the core benefit of temperature regulation (cooling/heating). Often uses bullet points for easy reading.","1. Try Pod 5 for 30 Nights Risk-Free: The Best Sleep You've Ever Had | 2. Pod 5: Designed For Deep Sleep, Personalized To You | 3. Sleep At The Temperature You Want With Pod 5: No More Thermostat Wars",Shop Now,"Focuses heavily on scientific, quantifiable benefits of sleep improvement and temperature regulation, using clinical data points rather than just subjective testimonials.","Clear, bulleted presentation of clinical results (e.g., 'Up to 34% more deep sleep') immediately following the hook, paired with a prominent risk-free trial offer.",8.5,"Highlighting quantifiable, clinically proven benefits (e.g., specific percentages for sleep improvement) combined with a strong risk-free trial offer is highly effective for premium health/wellness products.","30% video, 70% image",True
Halara,"Activewear/Fashion (Dresses, Leggings, Apparel)",30,Mixed,Static Image,No specific best hook identified without deeper content analysis.,"Ads generally start with a benefit-oriented statement, followed by product features/use cases, and end with a call to action or urgency. Example: [Benefit] + [Features/Use Cases] + [CTA/Urgency]",1. [Product Name] - [Benefit] | 2. [Discount/Offer] - [Product Category] | 3. [Feature] for [Occasion],Shop Now,"Halara focuses on combining fashion and function, emphasizing comfort, style, and versatility for various activities. Their ads often feature vibrant colors and diverse body types.","The use of emojis (🦋🧡💋👇✨🥰) to break up text and add visual appeal, along with clear calls to action and product-in-use visuals.",7.5,"High-converting ads for activewear brands like Halara leverage strong visual appeal, highlight both fashion and function, and use clear, benefit-driven copy with direct calls to action.","43% video, 57% image",True
Ekster,Smart Wallets & Travel Accessories,10,Mixed,Mixed,"""This is the Tesla of wallets.""","Problem/Bold statement -> Product as solution -> Bullet points of features/benefits -> Social proof (reviews, awards) -> Call to action.",1. [Benefit-driven] | 2. [Problem Agitation] | 3. [Social Proof/Urgency],Shop Now,"Ekster's ads consistently position their products as innovative, high-tech solutions to common problems (e.g., bulky wallets, limited packing space), often using strong analogies like 'Tesla of wallets' and emphasizing trackability and modularity.","The use of concise, benefit-driven bullet points with checkmarks (✅) or emojis (💥) to highlight key features and advantages.",8.5,"Ekster effectively uses a combination of problem-agitation and curiosity-gap hooks, immediately followed by strong social proof and clear benefit-driven bullet points to drive conversions.","80% video, 20% image",True
Burga,Phone Cases & Accessories,228,Curiosity Gap,Product Demo,New Phone? Let’s Make It Iconic.300+ protective designs. Shop now.,"Focuses on product features (protection, style) and calls to action. Often highlights new products or collections.",1. New Phone? Let’s Make It Iconic.300+ protective designs. Shop now.,Subscribe,"Combines strong product protection messaging with fashion-forward aesthetics, appealing to users who prioritize both device safety and personal style.","High-quality lifestyle imagery and videos showcasing the phone cases as fashion accessories, often paired with clear benefit-driven headlines.",8.5,Effective ads blend product utility (protection) with aspirational lifestyle elements (style) to create a compelling value proposition.,"100% video, 0% image",True
Tropicfeel,"Travel Gear (Backpacks, Sneakers)",3,Personal Testimony,Product Demo,"If you’re not using this bag, I honestly don’t know how you’re traveling.","User testimonial/experience focusing on product benefits (comfort, features, versatility) for travel, followed by a call to action to visit the website.","1. If you’re not using this bag, I honestly don’t know how you’re traveling. | 2. These are the only travel sneakers I pack - lightweight, water-friendly and insanely comfortable even after hours of walking. | 3. Took the AT2 on the road and they didn’t disappoint.",Visit website (implicit),"Focus on authentic travel experiences and practical utility through influencer-style UGC, rather than highly polished studio shots. The ads highlight specific product features (e.g., water-friendly, comfortable, smart compartments) within the context of actual travel, making them relatable and aspirational for travelers.",UGC-style video demonstrating product use in various travel settings with a focus on key features and benefits.,8.5,"Leverage user-generated content (UGC) and personal testimonials to showcase product benefits in real-world travel scenarios, emphasizing comfort, versatility, and practical features.","100% video, 0% image",True
SURI,Electric Toothbrushes,60,Mixed,Product Demo,"""Award-winning electric toothbrushes, designed for life.""",Strong Claim/Award -> Bulleted Feature List (with emojis) -> Risk Reversal (100-day guarantee) -> Disclaimer,"1. SURI — A better clean, in every way | 2. SURI 2.0: An icon, redefined. | 3. SURI—Up to 30% Off",Learn More,"Focuses heavily on sustainability (plant-based heads, repairable aluminium body) combined with premium design aesthetics, differentiating from typical plastic electric toothbrushes.","The structured, emoji-bulleted feature list followed immediately by a strong risk reversal (100-day money-back guarantee).",8.5,Pairing high-end design aesthetics with strong sustainability claims and a robust risk reversal creates a compelling premium offer.,"50% video, 50% image",True
Petlibro,"Pet Tech (Smart Feeders, Fountains, Cameras)",18,Problem Agitation,Product Demo,🎁Find the perfect gift to spoil your pet.,"Problem/Solution approach, highlighting features and benefits with bullet points or emojis, followed by a call to action and discount codes.","1. Pet Care, Wrapped Up | 2. RFID Smart Feeder | 3. Feeding Made Personal",Shop Now,"Focus on solving common pet owner problems (e.g., multi-pet feeding, pet hydration, monitoring pets) through smart technology, often featuring real pets and influencers.",UGC/Influencer testimonials showcasing product in use with pets.,8.0,Leveraging user-generated content (UGC) and influencer marketing with clear calls to action and discount codes is highly effective for pet tech products. Emphasizing problem-solving and convenience for pet owners resonates well.,,True
Tuft & Paw,Cat Litter & Accessories,60,Problem Agitation,UGC Talking Head,"""We all love our cats 🐈 but NOBODY likes dealing with cat litter. Really Great Cat Litter fixes the worst part about cat litter:""","Problem/Agitation (NOBODY likes dealing with cat litter) -> Solution (Really Great Cat Litter fixes the worst part) -> Bulleted list of benefits with checkmarks (NO TRACKING, 99% DUST-FREE, Fast clumping, Flushable) -> Offer/Urgency (Use code TUFT20 for an EXTRA 20% off your first order!)","1. This cat litter is AMAZING | 2. Game. Changer. Upgrade your litter | 3. Cat parents, take note. Low-tracking litter alert.",Shop Now,"They focus heavily on the negative aspects of traditional cat litter (tracking, dust, smell) and position their product as the ultimate, hassle-free solution, often using UGC to build trust.","The use of a bulleted list with checkmark emojis to clearly and concisely communicate the product's key benefits, making it easy to read and digest.",8.5,"Use a strong, relatable problem statement as the hook, followed by a clear, bulleted list of benefits that directly address the pain points, and close with a strong offer code.","90% video, 10% image",True
OrbitKey,Everyday Carry Accessories,3200,Problem Agitation,Mixed,"""Still digging through your bag trying to find your cables, chargers and tech accessories?""",Problem/Benefit -> Product Introduction -> Features/Benefits -> Urgency/Offer -> Call to Action,1. [Product Name] | 2. [Benefit-Oriented Phrase] | 3. [Promotional/Urgency Offer],Shop Now,"OrbitKey's ads consistently highlight practical problems and offer their products as elegant solutions, often leveraging collaborations with popular brands like Disney for novelty and emotional appeal. They focus on organization, quality, and thoughtful design.",The use of clear problem-agitation hooks followed by a direct solution and a strong call to action.,8.5,Effective ads combine problem-agitation with clear product benefits and leverage novelty through collaborations to capture attention and drive conversions.,"50% video, 50% image",True
Duradry,Antiperspirant/Deodorant,18,Mixed,Video,"Stay dry, fresh, and move freely with Duradry.","Problem-solution framework, highlighting product benefits and clean ingredients.",Confidence starts under your arms. Powerful Protection. Clean Feel. Shop now | Built For Busy Days. Deodorant Designed For Everyday Confidence. Shop Now | Designed For Life On The Go. Serious Protection. Thoughtful Ingredients. Shop now,Send message,"Focus on clinical strength sweat protection with clean ingredients, emphasizing confidence and an active lifestyle.",Before/After imagery or testimonials showing sweat reduction.,8.5,Leveraging user-generated content (UGC) and problem-solution narratives effectively drives engagement for personal care products.,"100% video, 0% image",True
Hello Klean,Shower Filters/Hair & Skin Care,7,Problem Agitation,UGC Talking Head,if you think you don’t need a shower filter - think again,"Problem-Agitation-Solution (PAS) focusing on hard water issues (dullness, dehydration, irritation) and presenting Hello Klean as the ""water-first solution"" or ""water experts"".",1. Your shower deserves better water | 2. Invest in water-first solutions for softer hair and skin. | 3. Beauty solutions for your water,Learn More,"They reframe a plumbing/hardware product (shower filter) as an essential beauty and skincare step, using UGC creators to demonstrate the aesthetic benefits.","The angle of blaming ""hard water"" as the hidden villain for common beauty problems (dry skin, dull hair), shifting the focus from topical products to the water itself.",8.0,"Positioning the product not just as a filter, but as a foundational ""water-first beauty solution"" that addresses the root cause of hair and skin issues (hard water).","43% video, 57% image",True
Itch Pet,Pet Flea & Tick Treatment,240,Problem Agitation,VSL,Never forget to protect your pet🐱🐶,"Problem Agitation (Fleas/Ticks) -> Solution Introduction (Itch Flea) -> Bulleted Benefits (Vet approved, proven) -> Offer (First Month Free)",1. [Don’t Let One Flea Become One Million] | 2. [More Powerful Than Cheaper Brands] | 3. [First Month Free (£2.99 P&P)],Learn more,Combining strong problem agitation (fear of infestation) with an irresistible introductory offer (First Month Free) and high social proof.,"The bulleted list of trust signals (Vet approved, 7.5m sold, 110k subscribers) immediately following the product introduction.",8.0,"For subscription products, lower the barrier to entry with a ""Free Trial"" (just pay shipping) while building massive trust through social proof numbers.","64% video, 36% image",True
ST_ARGO,Unknown,,Mixed,Mixed,None,No specific body copy formula could be identified as no relevant ads for ST_ARGO were found.,No specific headline variants could be identified as no relevant ads for ST_ARGO were found.,None,,No specific top swipe element could be identified as no relevant ads for ST_ARGO were found.,1.0,"The Meta Ad Library search functionality can be broad, returning ads containing keywords rather than exact brand matches. This highlights the importance of verifying brand relevance when extracting ad data.","0% video, 0% image",True
Heim Health,"Productivity/Self-Improvement, Pet Products (Dog Bed/Toy), General E-commerce, Sleep/Bedding Products",26,Mixed,Video,Double-stuffed loft that stands inches higher than anything else. Itâs like upgrading from a blanket to a cloud.,"Many ads use a problem-solution framework, highlighting issues like neck pain or poor sleep and offering the product as a solution. Others use personal testimonials or descriptive language to emphasize product benefits like comfort and quality. For pet products, the formula focuses on the pet's emotional well-being and the owner's experience.",1.  | 2. THEMELLOWDOG.COM Dogs' Emotional Support Duck âï¸ Specifically made from the color that's visible to dog's vision and sparks joy for dogs. They will play with it and sleep with it Shop now | 3. MELLOWSLEEP.COM Sleep Inside A Cloud Shop now,N/A,"Mellow Sleep uses a mix of authority figures (chiropractor) and relatable personal testimonials (dog owner, everyday user) to promote their products. They also leverage descriptive language to evoke comfort and luxury. The 'Mellow Dog' ads stand out with a quirky, emotional appeal for pet products.","The use of a 'doctor avatar' (Dr. Ralph Napolitano) to provide authority and credibility for sleep products, and the 'emotional support duck' narrative for pet products are highly replicable.",8.0,"High-converting ads effectively combine authority-based endorsements with personal, relatable stories. Utilizing distinct creative angles for different product lines (e.g., sleep vs. pet) enhances engagement.","100% video, 0% image",True
NORD,Fragrance balm/scents,165,Problem Agitation,Product Demo,Tired of fragrances that fade by lunchtime? Meet Nord Fragrances. Designed to stay with you.,"The ads consistently highlight product features (ultra compact, natural, refillable, travel-friendly, skin-safe, alcohol-free) and benefits (smell great, no hassle at customs, scents that turn heads). They often use bullet points or emojis to list these features, followed by a call to action or a promotional offer.",1. Your New Fragrance Essential: Premium Scents for Every Occasion! | 2. Your new travel buddy: NORD Fragrances | 3. Here’s why smart guys are switching to NORD:,Shop Now,"NORD's ads stand out by focusing on the practical problems associated with traditional fragrances (fading, spills, glass bottles, travel restrictions) and positioning their solid fragrance balm as a modern, convenient, and eco-friendly alternative. They emphasize portability, natural ingredients, and refillability.","The use of emojis (🤏, 🌱, ♾️, ✈️, 💧, ✅) to quickly convey product benefits and features in the ad copy.",8.5,"The brand effectively uses problem-agitation hooks and then immediately presents their product as the solution, emphasizing key benefits with clear, concise language and emojis. This direct approach, combined with product demonstration videos, drives conversion.",,True
Histrips,Sleep/Breathing Aids,7300,Problem Agitation,VSL,"""You've slept through phone alarms.""","Mixed: Problem-solution-benefit, often with social proof and guarantees.",1. Onyx was built for you.,Shop now,"Focus on improving sleep quality and athletic performance through breathing and gentle wake-up solutions, often using problem-agitation hooks and social proof.","The '100-day Wake-Up Guarantee: If it doesn't wake you, you don't pay.' is a strong, risk-reversal element.",8.5,"Effective ads clearly agitate a common problem (poor sleep, performance plateaus) and offer a unique, low-risk solution with strong guarantees and social proof.","100% video, 0% image",True
Respire_Strips,Mouth Tape / Sleep Strips,530,Problem Agitation,VSL,"Not all mouth tape is created equal. Our founder, Wyatt, has tried them all — and here’s what he found:","The ads consistently follow a problem-solution framework. They start by highlighting the issues with generic mouth tapes (ineffective, uncomfortable, toxic) and then introduce Respire as the superior, engineered solution with specific benefits and features. Many ads also incorporate personal testimonials or founder stories to build credibility.","1. Not all mouth tape is created equal. | 2. Yes — I Tape My Mouth Shut Every Night | 3. Sorry, We're Sold Out 😅",Shop Now,"The brand's ads are distinctive by directly confronting the skepticism and common misconceptions around mouth taping, often through a personal narrative from the founder. They emphasize scientific testing, safety, and comfort as key differentiators against a market perceived as low-quality.","The consistent use of a founder's personal story and experience to introduce the problem and solution, building authority and relatability.",8.5,"Leveraging a strong founder story and directly addressing common pain points and skepticism about the product category (mouth tape) is highly effective. Highlighting negative aspects of competitors and then positioning the product as a superior, tested solution builds trust and urgency.","90% video, 10% image",True
Manual,Men's Health & Wellness,60,Problem Agitation,UGC Talking Head,Low testosterone sneaks up on 1 in 4 men over 30.,"Problem introduction (e.g., Low testosterone sneaks up on 1 in 4 men over 30) -> Empathy/Authority (More and more men are tackling low testosterone, and as the UK's biggest testosterone clinic, we're leading the charge) -> Symptoms list (Low energy, Decreased libido, Poor sleep quality, Anxiety, Loss of strength & muscle mass) -> Solution/Offer (Check your testosterone levels with our quick & easy blood testing kit. Get 38% off your first order.)",1. [Danny’s formula for stage-ready hair] | 2. [Check your testosterone levels] | 3. [Get 38% off your first order],Shop Now,"They use a mix of relatable, everyday symptoms and authoritative positioning (UK's biggest testosterone clinic) to normalize men's health issues and offer discreet, easy solutions.","The bulleted list of relatable symptoms paired with a clear, discounted call-to-action for an easy first step (blood testing kit).",8.0,"Use relatable, common symptoms (like low energy or poor sleep) to agitate the problem before introducing a simple, low-barrier solution like an at-home blood testing kit.","70% video, 30% image",True
Attaboylabs,Men's Performance Supplements,630,Mixed,Mixed,You're not tired because you're getting older. You're tired because you're running on caffeine and cortisol — and neither one is actually giving you energy.,"The copy typically starts by addressing the target audience (active men) and their desire for sustained performance or a common problem (fatigue, reliance on stimulants). It then introduces 'Every Damn Day' as a comprehensive solution, highlighting benefits like clean energy, sharper thinking, and faster recovery, often emphasizing its science-backed, stimulant-free nature and convenience (one scoop, replaces multiple bottles). It concludes with a clear call to action.",1. The Scoop That Replaces The Stack | 2. Feel sharper. Move stronger. Stress less. | 3. 67% Off + Free Gifts 🚀 ✅ 100% Satisfaction Guarantee,Shop Now,,The concept of 'The Scoop That Replaces The Stack' as a concise and compelling unique selling proposition.,8.0,"This library demonstrates the effectiveness of positioning a single product as a comprehensive replacement for multiple existing solutions, simplifying the user's decision-making process and highlighting convenience as a key benefit.","70% video, 30% image",True
Evereden,Kids Skincare and Haircare,18,Mixed,Static Image,Designed with kids in mind \u00f0 Discover skincare that understands the unique needs of your child's delicate skin,"Starts with a relatable parenting problem (e.g., tangles, delicate skin), introduces Evereden as the safe/clean solution created by doctor moms, and ends with an offer/CTA.",,Shop Now,"Focus on clean, safe, and effective skincare for children, heavily leveraging the 'created by doctor moms' authority angle.","The 'Doctor Moms' authority positioning combined with specific problem-solving (e.g., 'Detangle pool hair in a breeze').",8.5,Leveraging authority figures (doctor moms) and emphasizing safety and efficacy for a niche market (kids skincare) builds immediate trust with parents.,"44% video, 56% image",True
Lick Paint,Paint,10,Problem Agitation,Static Image,Transform a house into your home with our high-quality Matt paint (£39).,"The body copy often starts with a direct benefit or product introduction, followed by bullet points highlighting key features and benefits (e.g., stain resistance, unique colors, coverage, finish). It concludes with clear calls to action and where to purchase.",1. Transform your home with quality paint | 2. Introducing [Product Name] | 3. Start your [Season] makeover,Shop Now,"Lick Paint's ads stand out by focusing on the emotional transformation of a home through paint, using warm and inviting language, and often collaborating with influencers or other brands to showcase their products in real-world settings. They also emphasize ease of use and quality.",The use of bullet points with emojis to highlight product features and benefits within the body copy.,8.5,"Lick Paint effectively uses a combination of aspirational language and clear product benefits, often incorporating emojis to add visual appeal and warmth to their ad copy. The emphasis on ease of use and quality, combined with specific product features, drives engagement.","20% video, 80% image",True
KHOY company,Sofa Beds,710,Problem Agitation,Product Demo,"For too long, sofa beds have been a compromise. KHOY was created to change that.","Problem-solution framework: Identify a common problem with sofa beds, then introduce KHOY as the solution, highlighting comfort, design, and trial period.",1. [Discount/Offer] off [Product] | 2. [Award/Recognition] + [Discount] | 3. Problem-Solution statement,Shop Now,"Focus on solving the traditional compromises of sofa beds through superior design and comfort, backed by awards and a generous trial period.","Video demonstrating the sofa bed's transformation and features, often with a focus on ease of use and comfort.",8.5,"Leveraging a clear problem-solution narrative combined with strong social proof (awards) and direct incentives (discounts, free trials) is highly effective for high-ticket items.","80% video, 20% image",True
Mothers Earth,"Eco-friendly cleaning products (laundry strips, dish soap)",26,Problem Agitation,Video,"Wusstest du, dass viele Spülmittel aggressive Chemikalien enthalten, die auf deinem Geschirr zurückbleiben?","Starts with a problem/question about harsh chemicals in cleaning products, introduces Mother's Earth as a natural solution, lists benefits (eco-friendly, hypoallergenic, no residue), and ends with a risk-free trial offer.","1. Wusstest du, dass... | 2. De milieuvriendelijkste... | 3. Wist je dat je...",N/A,"Focuses on the health and environmental risks of conventional cleaning products, positioning Mother's Earth as a safe, natural, and effective alternative. Emphasizes risk-free trials and cost-effectiveness.","The use of bullet points with emojis to highlight product benefits (e.g., 🍃, 👶, 🚫, ✨) for quick readability.",8.5,"Leveraging problem-agitation hooks combined with clear, bulleted benefits and a strong risk-reversal (free trial) is highly effective for eco-friendly consumer products.","92% video, 8% image",True
Wuffes,Pet Supplements,15,Problem Agitation,Video,"It starts small. Shorter walks, less excited for playtime, awkward when standing up 💔🐕","Problem-agitation (dog's discomfort) -> Solution (Wuffes supplements) -> Benefit (dog feels better) -> Social proof/Urgency (reviews, limited time offers)","1. Better Joints in 90 Days Guaranteed | 2. Help your dog feel themselves again 🐶 | 3. Joints, Gut, Stress & More",Shop now,,"The use of emojis (🐶⏰💔🐕❤️) to convey emotion and break up text, making the copy more engaging and relatable.",8.5,"Focus on the emotional pain points of pet owners (dog's discomfort, loss of joy) and offer a clear, vet-backed solution with social proof and urgency.","90% video, 10% image",True
Petlibro,Pet Tech Gadgets,26,Problem Agitation,Mixed,"""Introducing the One RFID Pet Feeder for multi-pet households to make feeding personal.""","Problem-solution framework, often starting with a pain point for pet owners (e.g., multi-pet feeding, pet health monitoring) followed by product features and benefits, sometimes using bullet points.",1. [Product Name] + Benefit | 2. Benefit-driven statement | 3. Call to action/Offer,Shop Now,"Petlibro's ads consistently focus on smart pet technology that solves common pet owner problems, emphasizing convenience, health monitoring, and personalized care for pets. They frequently use user-generated content (UGC) style videos with pet influencers to demonstrate product benefits in real-life scenarios.","The use of bullet points (✅ or 🐾) to highlight key features and benefits within the ad copy, making it easily scannable and digestible.",7.5,"Leveraging specific pet owner pain points (e.g., multi-pet households, health monitoring) and offering smart tech solutions with clear benefits (convenience, peace of mind) is highly effective.","50% video, 50% image",True
